{"cameraMode":{"drawMode":0,"name":"Shaded","section":"Shading Mode"},"sceneLighting":false,"audioPlay":false,"sceneViewState":{"showFog":true,"showMaterialUpdate":false,"showSkybox":false,"showFlares":true,"showImageEffects":true,"showParticleSystems":true},"in2DMode":false,"pivot":{"x":141.0410919189453,"y":13.75341796875,"z":-0.7271757125854492},"rotation":{"x":-0.09834045171737671,"y":0.7611373662948608,"z":-0.11876755952835083,"w":-0.6300317049026489},"size":6.7147417068481449,"orthographic":false}