{"cameraMode":{"drawMode":0,"name":"Shaded","section":"Shading Mode"},"sceneLighting":false,"audioPlay":false,"sceneViewState":{"showFog":true,"showMaterialUpdate":false,"showSkybox":false,"showFlares":true,"showImageEffects":true,"showParticleSystems":true},"in2DMode":false,"pivot":{"x":148.74603271484376,"y":18.78812026977539,"z":-0.20776450634002686},"rotation":{"x":-0.08942414820194245,"y":-0.4564771056175232,"z":0.046175889670848849,"w":-0.8840445876121521},"size":1.9184997081756592,"orthographic":false}