{"cameraMode":{"drawMode":0,"name":"Shaded","section":"Shading Mode"},"sceneLighting":false,"audioPlay":false,"sceneViewState":{"showFog":true,"showMaterialUpdate":false,"showSkybox":false,"showFlares":true,"showImageEffects":true,"showParticleSystems":true},"in2DMode":false,"pivot":{"x":0.10906410217285156,"y":7.045260429382324,"z":2.1013665199279787},"rotation":{"x":-0.20724351704120637,"y":0.6169227957725525,"z":-0.17293724417686463,"w":-0.73929363489151},"size":15.990013122558594,"orthographic":false}